Client_postcode,Purchased
AB39 3RW,1
AL1 5LY,1
AL5 1BA,1
AL5 5JG,1
AL6 9QA,1
AL7 4FH,1
B13 8LJ,1
B14 5HF,1
B14 6HQ,1
B16 8UU,1
B17 0BA,1
B17 0JJ,1
B29 7SD,1
B30 1DX,1
B35 6BT,1
B36 9AP,1
B38 9AJ,1
B38 8RH,1
B45 9SP,1
B60 4BF,1
B60 4DZ,1
B61 0LG,1
B61 0RS,1
B62 0DP,1
B62 0HP,1
B63 3QR,1
B67 5HZ,1
B67 7NH,1
b68 9pu,1
B74 3NL,1
b74 4dx,1
B76 2RB,1
B76 2SJ,1
B77 4LF,1
B90 4YG,1
B94 6PX,1
B96 6AR,1
B97 4PL,1
B97 5AA,1
B98 7UZ,1
ba1 2qx,1
BA1 3RZ,1
BA1 4HG,1
BA1 7QZ,1
BA11 1NA,1
BA12 6RT,1
BA12 9QL,1
BA13 3XY,1
BA13 4HS,1
BA13 3LU,1
BA13 4DG,1
BA14 9EG,1
BA14 9DB,1
BA15 1BW,1
BA15 1EA,1
BA15 1FJ,1
BA15 2EA,1
ba16 0en,1
BA2 3BB,1
BA2 3DF,1
BA2 4PT,1
BA2 4RS,1
BA2 5ED,1
BA2 8AS,1
BA2 8HF,1
BA21 3EX,1
ba21 5nh,1
BA22 8RD,1
BA33RX,1
BA8 0RB,1
BA8 0RN,1
BB6 7JA,1
BH16 5PU,1
BH21 3PH,1
BH24 1HR,1
BH24 2EH,1
BH31 6JN,1
BH6 5QF,1
BH7 6RZ,1
BH8 8ES,1
BH9 1LG,1
bh9 2bt,1
BH9 3HP,1
BL5 2SL,1
bn1 2lf,1
BN1 3FF,1
BN16 1QN,1
BN16 4GH,1
bn21 2ed,1
BN3 4LH,1
BN43 5GL,1
BN7 2EF,1
BR2 9BH,1
BR3 3QT,1
BS1 5JQ,1
BS10 7RF,1
BS10 7XB,1
bs10 5be,1
BS11 9RF,1
BS13 8ER,1
BS13 9AU,1
BS137DB,1
BS15 4SW,1
BS154PY,1
BS154TX,1
BS16 1UX,1
BS16 5AY,1
BS16 7DN,1
BS161UH,1
BS166AG,1
BS169QX,1
bs2 0fe,1
BS2 0FE,1
BS207PR,1
BS21 6JW,1
BS217HW,1
BS217LS,1
bs22 8NQ,1
BS228XR,1
bs23 3ej,1
BS23 3JL,1
BS248PH,1
BS25 1SL,1
BS251TF,1
bs273rl,1
BS3 1PP,1
BS3 3DW,1
BS3 3DW,1
BS3 3PG,1
BS3 4NY,1
BS3 5DZ,1
BS30 7DG,1
bs32 0bh,1
BS32 0DZ,1
BS32 8DP,1
BS32 9BL,1
bs32 9dw,1
BS320DA,1
BS328DQ,1
BS345BX,1
BS347EF,1
bs351dr,1
bs352eu,1
BS353QS,1
BS36 2PF,1
BS36 2SJ,1
BS362RQ,1
BS374XL,1
BS379TS,1
BS39 6HF,1
BS395XD,1
BS43EU,1
BS48 1LE,1
BS48 3LR,1
BS481PP,1
BS49 4EU,1
BS49 4HY,1
BS49 4JH,1
BS494AW,1
BS494NQ,1
BS5 7DG,1
BS5 8LF,1
BS6 5QD,1
BS6 6DJ,1
BS6 6EX,1
BS6 6LX,1
Bs6 6nw,1
bs6 7be,1
bs7 0qu,1
BS7 8QN,1
BS7 8TZ,1
BS7 9PS,1
BS8 4EF,1
BS8 4LA,1
BS8 4NP,1
BS9 1NR,1
BS9 3LQ,1
BT51 5EL,1
CA1 2FH,1
CA1 2FH,1
CA1 3TU,1
CA157EE,1
CA2 5HA,1
CA28 6SG,1
CA28 8TL,1
CA3 0GX,1
cardiff,1
CB23 7XE,1
CB243ED,1
CB249XP,1
CF10 1DJ,1
CF10 1FQ,1
CF10 2FF,1
CF10 2FP,1
CF10 3DD,1
CF10 3EE,1
CF10 4BJ,1
CF10 4BR,1
CF10 4BR,1
CF10 4BR,1
CF10 4DA,1
CF10 4DH,1
CF10 4EB,1
CF10 4EB,1
CF10 4NJ,1
CF10 4NP,1
CF10 4QL,1
CF10 4RD,1
CF10 5AU,1
CF10 5BT,1
CF10 5BX,1
CF10 5EE,1
CF10 5NP,1
CF10 5NQ,1
CF10 5NT,1
CF101DF,1
cf102fg,1
CF103AZ,1
CF103GA,1
CF104NS,1
CF105AU,1
CF105LL,1
cf105nf,1
cf105nn,1
CF105NR,1
CF105SF,1
CF11 0AB,1
CF11 0AP,1
CF11 0AT,1
CF11 0JB,1
CF11 0JN,1
CF11 0JQ,1
Cf11 0JU,1
cf11 0sf,1
CF11 0SG,1
CF11 0SJ,1
CF11 6AN,1
CF11 6AN,1
CF11 6LN,1
CF11 6LN,1
CF11 6NT,1
CF11 6QX,1
CF11 6SW,1
CF11 6SZ,1
CF11 7BY,1
CF11 7EB,1
CF11 7JT,1
CF11 8AZ,1
CF11 8AZ,1
CF11 8BW,1
CF11 8EN,1
CF11 9AH,1
CF11 9BU,1
CF11 9ET,1
cf11 9jd,1
CF11 9NQ,1
CF11 9NR,1
CF110AB,1
CF110AT,1
CF110JU,1
CF116AR,1
CF116JP,1
cf116lb,1
CF116NS,1
CF117BG,1
CF117DJ,1
CF117JT,1
CF117LR,1
CF119BP,1
CF119DJ,1
CF119DT,1
CF119FR,1
CF119NU,1
cf14 0nn,1
CF14 0RD,1
CF14 0RF,1
CF14 0RU,1
CF14 0SR,1
CF14 0SX,1
CF14 0TP,1
CF14 0UP,1
CF14 0UP,1
CF14 1AB,1
CF14 1AS,1
CF14 1AS,1
CF14 1BA,1
cf14 1bj,1
CF14 1EL,1
CF14 1EP,1
CF14 1LE,1
CF14 1LZ,1
cf14 1ta,1
cf14 1ul,1
CF14 1UR,1
CF14 1UU,1
CF14 2EL,1
CF14 2FW,1
Cf14 2hl,1
CF14 2HQ,1
CF14 2HZ,1
CF14 2JF,1
CF14 2LQ,1
cf14 2lx,1
CF14 2QU,1
CF14 2QZ,1
CF14 2SF,1
CF14 3BS,1
CF14 3BW,1
CF14 3HL,1
CF14 3HR,1
CF14 3JZ,1
CF14 3LA,1
CF14 3NP,1
cf14 3pj,1
CF14 3PQ,1
CF14 3PU,1
CF14 3PW,1
CF14 3RD,1
CF14 3UX,1
CF14 3UX,1
CF14 4AD,1
CF14 4AE,1
CF14 4AP,1
CF14 4EB,1
CF14 4HU,1
CF14 4LZ,1
CF14 4ND,1
CF14 4NR,1
CF14 4PJ,1
CF14 4PW,1
CF14 4QD,1
cf14 4qf,1
CF14 4UZ,1
CF14 4XW,1
cf14 5aj,1
CF14 5EJ,1
CF14 5EJ,1
CF14 5EJ,1
CF14 5FE,1
CF14 5FE,1
CF14 5JY,1
CF14 6BS,1
cf14 6db,1
CF14 6DZ,1
CF14 6EF,1
CF14 6EL,1
CF14 6LF,1
CF14 6NY,1
CF14 6PA,1
CF14 6PA,1
CF14 6PJ,1
CF14 6PP,1
CF14 6QE,1
CF14 6SJ,1
CF14 6SQ,1
CF14 6UF,1
CF14 6UU,1
CF14 7AG,1
CF14 7AS,1
CF14 7AS,1
CF14 7DD,1
CF14 7EB,1
CF14 7EJ,1
Cf14 7HJ,1
CF14 7TP,1
CF14 9BG,1
CF14 9DH,1
CF14 9DW,1
cf14 9eq,1
CF14 9FH,1
cf14 9la,1
CF14 9UG,1
CF140TQ,1
CF141DS,1
CF141HS,1
CF141NJ,1
CF141PU,1
cf141px,1
CF141SR,1
CF141UF,1
CF142AT,1
CF142BU,1
cf142jp,1
cf142pq,1
CF142QY,1
CF143EG,1
CF143PQ,1
CF143UA,1
CF143UU,1
CF144AT,1
CF144BS,1
CF144HL,1
CF144HU,1
CF144JX,1
CF144NH,1
CF144NN,1
CF144PE,1
CF144PG,1
CF144RA,1
CF145AB,1
CF145BY,1
CF145BZ,1
CF146DZ,1
cf146dz,1
CF146HQ,1
CF146LX,1
cf146nb,1
CF146NX,1
CF146SU,1
CF146TP,1
CF147AH,1
CF147AR,1
CF147BX,1
CF147EE,1
cf147ej,1
CF147TA,1
CF147TS,1
CF149AU,1
CF149BJ,1
CF149DB,1
Cf149dl,1
CF149DY,1
CF149EH,1
cf149fj,1
cf15 7as,1
CF15 7HW,1
CF15 7JP,1
CF15 7JP,1
CF15 7LQ,1
CF15 7NL,1
CF15 7QN,1
CF15 7RH,1
CF15 7RZ,1
CF15 8AE,1
CF15 8BG,1
CF15 8BP,1
CF15 8BW,1
CF15 8DQ,1
CF15 8DZ,1
CF15 8FD,1
CF15 8FG,1
CF15 8FR,1
CF15 8FX,1
CF15 8FX,1
CF15 8GD,1
CF15 9JP,1
CF15 9JR,1
CF15 9NG,1
CF15 9NU,1
CF15 9PB,1
CF15 9QL,1
CF15 9QQ,1
CF15 9SB,1
CF15 9SP,1
CF15 9ST,1
CF15 9TJ,1
CF15 9TR,1
CF157PB,1
CF157SG,1
CF157SJ,1
CF157SL,1
CF157UU,1
CF158DB,1
CF158DX,1
CF158FT,1
CF158GA,1
CF158LG,1
CF158LT,1
CF158RJ,1
CF158RZ,1
CF159NU,1
CF159QD,1
CF159QR,1
CF159SP,1
CF23 5BZ,1
CF23 5DW,1
CF23 5HA,1
CF23 5JL,1
CF23 5JL,1
CF23 5PT,1
CF23 5RB,1
CF23 5YB,1
CF23 6AU,1
CF23 6EU,1
CF23 6HQ,1
CF23 6PQ,1
CF23 6QX,1
CF23 6TA,1
CF23 6UQ,1
CF23 7BL,1
CF23 7BR,1
CF23 7BR,1
CF23 7DB,1
CF23 7DJ,1
CF23 7EF,1
cf23 8eq,1
cf23 8pt,1
CF23 8PU,1
CF23 8PX,1
cf23 8rn,1
CF23 8RN,1
CF23 8SF,1
CF23 8SH,1
CF23 9BB,1
CF23 9DH,1
CF23 9EG,1
CF23 9Hl,1
CF23 9HW,1
CF23 9LJ,1
CF23 9LL,1
CF23 9NZ,1
CF235AQ,1
CF235DL,1
CF235DQ,1
CF235SL,1
CF236DN,1
cf236hg,1
CF236HS,1
CF236JN,1
CF236SR,1
CF237BR,1
CF237ES,1
CF237JF,1
CF238EP,1
CF238FX,1
CF238NU,1
CF238PG,1
CF238PU,1
CF238SE,1
CF238SF,1
CF238SH,1
CF239JX,1
CF239LN,1
CF239LT,1
cf239nf,1
CF24 0ET,1
CF24 1DL,1
CF24 1LL,1
CF24 1PZ,1
CF24 2AG,1
cf24 2aq,1
CF24 2AS,1
CF24 2FL,1
CF24 2LL,1
CF24 2LL,1
CF24 2NP,1
CF24 2NW,1
CF24 2PT,1
CF24 2RL,1
CF24 33H,1
CF24 3AQ,1
CF24 3DH,1
CF24 3DL,1
CF24 3EF,1
CF24 3EH,1
CF24 3FR,1
CF24 3HA,1
CF24 3HB,1
CF24 3HB,1
CF24 3HL,1
CF24 3HQ,1
CF24 3HU,1
CF24 3JE,1
CF24 3JG,1
CF24 3PD,1
CF24 3PW,1
CF24 3RW,1
CF24 3SD,1
CF24 3UW,1
CF24 4BG,1
cf24 4bj,1
CF24 4BN,1
CF24 4BW,1
CF24 4LB,1
CF24 4NT,1
CF24 4NW,1
CF24 4NW,1
CF24 4QJ,1
CF24 4QR,1
CF24 4RA,1
CF24 4RX,1
CF24 4SS,1
CF24 4TR,1
CF24 5EB,1
CF242NY,1
CF242RY,1
CF242TT,1
CF243DH,1
CF243EZ,1
cf243ht,1
CF243HT,1
CF243HW,1
CF243JX,1
CF243PD,1
CF243QD,1
CF243QP,1
CF243SG,1
CF243SN,1
CF244AJ,1
CF244BL,1
CF244BU,1
CF244BX,1
CF244DD,1
CF244JF,1
CF244JG,1
CF244JH,1
CF244LD,1
CF244LF,1
CF244PJ,1
CF244RY,1
CF244SG,1
cf244sr,1
CF244TB,1
CF244TY,1
CF3 0BF,1
CF3 0BS,1
CF3 0DE,1
CF3 0DJ,1
CF3 0DU,1
CF3 0DU,1
CF3 0EE,1
CF3 0ES,1
CF3 0ET,1
CF3 0HJ,1
CF3 0NW,1
CF3 0PG,1
CF3 0PJ,1
CF3 0PZ,1
CF3 1RL,1
CF3 1RZ,1
CF3 2TF,1
CF3 2TW,1
CF3 2UU,1
CF3 3AG,1
CF3 3BG,1
CF3 3JY,1
CF3 3PW,1
CF3 4BR,1
CF3 4DW,1
CF3 4EQ,1
CF3 4FF,1
cf3 4je,1
CF3 4JJ,1
CF3 5LL,1
CF3 5LW,1
CF3 5NE,1
CF3 5PF,1
CF3 5PX,1
CF3 5QH,1
CF3 5SP,1
CF3 5SU,1
CF3 5UA,1
cf30dh,1
CF31 1HP,1
CF31 1JS,1
CF31 1JT,1
CF31 1LA,1
cf31 1na,1
CF31 1PJ,1
CF31 2AF,1
CF31 2DJ,1
CF31 2HF,1
CF31 2HZ,1
CF31 2HZ,1
cf31 2js,1
CF31 2JW,1
CF31 2LS,1
CF31 2NT,1
CF31 2NT,1
CF31 2NT,1
CF31 2QR,1
CF31 2XF,1
CF31 3HY,1
CF31 3NN,1
CF31 4BL,1
CF31 4SZ,1
CF31 4TY,1
CF31 5AJ,1
cf31 5by,1
CF31 5DY,1
CF31 5EU,1
CF31 5EU,1
CF31 5EW,1
CF31 5FA,1
cf31 5ff,1
CF31 5FR,1
CF311PE,1
cf311pl,1
CF311PQ,1
CF312DD,1
CF312JE,1
CF312LS,1
CF312PT,1
CF312QG,1
CF312QH,1
cf313nt,1
CF314EL,1
CF314EN,1
CF314LB,1
cf315af,1
CF315AL,1
cf315ay,1
CF315BF,1
CF315BY,1
cf315df,1
CF315DU,1
CF315EY,1
CF32 0AH,1
CF32 0BL,1
CF32 0HT,1
CF32 0SD,1
CF32 7HF,1
CF32 7HG,1
CF32 7HH,1
CF32 7RD,1
CF32 7TA,1
CF32 8AU,1
CF32 8HW,1
CF32 9AQ,1
CF32 9AS,1
CF32 9BB,1
CF32 9BS,1
CF32 9NQ,1
cf32 9rz,1
cf32 9sn,1
CF32 9UE,1
CF320DA,1
CF320dd,1
CF320DP,1
cf320ep,1
CF327AG,1
CF327AS,1
CF327AS,1
CF327HF,1
CF327HU,1
CF327LB,1
CF327TB,1
CF328PH,1
CF329EX,1
CF329GH,1
cf329lf,1
CF329LQ,1
CF329NQ,1
CF329RU,1
CF329UT,1
cf32us,1
CF33 4DN,1
CF33 4NE,1
CF33 4SF,1
CF33 6DG,1
CF33 6JA,1
CF334PB,1
CF334RR,1
CF336BU,1
CF336EZ,1
CF34 0HG,1
cf34 0np,1
CF34 9AS,1
CF34 9BA,1
CF34 9BA,1
CF34 9DU,1
CF34 9GA,1
CF34 9HF,1
CF34 9SG,1
cf340as,1
cf340bs,1
CF340RW,1
CF340SN,1
CF349BX,1
CF349HG,1
CF349HU,1
CF35 5EF,1
CF35 5EN,1
CF35 5PJ,1
CF35 5PT,1
CF35 6DQ,1
CF35 6ER,1
CF35 6PN,1
CF35 6PZ,1
CF35 6YL,1
cf35 6yt,1
cf35 6yt,1
CF355DP,1
CF355DR,1
CF355HG,1
CF355PQ,1
CF355PT,1
CF356DH,1
CF356JQ,1
CF356JQ,1
CF356JR,1
CF356LU,1
CF356NF,1
CF356TU,1
CF356TU,1
CF356YT,1
CF36 3DG,1
CF36 3EP,1
CF36 3ER,1
CF36 3ET,1
CF36 3ET,1
cf36 3lr,1
CF36 3QA,1
CF36 3QP,1
CF36 3YY,1
CF36 5AA,1
CF36 5BB,1
CF36 5BH,1
CF36 5HH,1
CF36 5HY,1
CF36 5NH,1
CF36 5PH,1
CF363DH,1
CF363EW,1
CF365AU,1
CF365HP,1
CF365RS,1
CF37 1ER,1
CF37 1EW,1
CF37 1NB,1
CF37 1NR,1
CF37 1NW,1
CF37 1RE,1
CF37 1RJ,1
CF37 1RL,1
cf37 1ul,1
cf37 2nf,1
CF37 2PY,1
CF37 3DA,1
cf37 3dp,1
CF37 3EE,1
CF37 4DH,1
CF37 4HZ,1
CF37 4NT,1
CF37 4PQ,1
CF37 5AP,1
CF37 5BA,1
CF37 5HB,1
CF37 5PH,1
CF37 5PU,1
CF371BZ,1
CF371LZ,1
CF371NP,1
CF371RG,1
CF371RG,1
CF372DB,1
CF373LF,1
CF374DD,1
CF374DN,1
CF374HX,1
cf374nd,1
CF374PY,1
CF375LE,1
cf375pj,1
CF38 1AJ,1
CF38 1AJ,1
CF38 1EA,1
CF38 1RU,1
CF38 1RW,1
CF38 1TF,1
cf38 1uf,1
CF38 1UJ,1
CF38 1UL,1
cf38 1un,1
CF38 1UP,1
CF38 1UY,1
cf38 2aj,1
CF38 2AU,1
CF38 2BE,1
CF38 2BE,1
CF38 2BS,1
cf38 2lg,1
CF38 2PG,1
CF38 2RE,1
CF38 2RU,1
CF38 2TL,1
CF38 2TL,1
CF381AJ,1
CF381AZ,1
CF381DT,1
CF381DT,1
CF381EN,1
CF381NA,1
CF381NS,1
CF381TG,1
CF381TJ,1
CF382AW,1
CF382BU,1
CF382DG,1
CF382JB,1
CF382LL,1
CF382ND,1
CF382NR,1
CF382PB,1
CF382RJ,1
CF382RR,1
CF382TG,1
CF39 0BL,1
CF39 0HR,1
CF39 0PN,1
CF39 0PW,1
CF39 8BY,1
CF39 8EA,1
CF39 8FB,1
CF39 8PE,1
CF39 8PH,1
CF39 8PW,1
CF39 8RA,1
CF39 8SR,1
CF39 8TN,1
CF39 8UP,1
cf39 9aw,1
CF39 9NN,1
CF39 9PB,1
CF39 9SE,1
CF39 9TW,1
cf39 9ug,1
cf39 9yh,1
CF390DN,1
CF390NS,1
CF390PP,1
CF398FL,1
CF398JG,1
CF398JL,1
CF398SH,1
CF399TS,1
CF40 1DD,1
CF40 1DW,1
cf40 1jp,1
cf40 1pj,1
cf40 1qs,1
CF40 1QW,1
cf40 1rb,1
CF40 1RJ,1
CF40 1RJ,1
CF40 1TA,1
CF40 2HX,1
cf40 2lh,1
cf40 2nz,1
cf40 2px,1
CF40 2PX,1
CF40 2PX,1
CF40 2QN,1
CF40 2UP,1
CF401RY,1
CF402AE,1
CF402DU,1
CF402DX,1
CF41 7AT,1
CF41 7AT,1
cf41 7au,1
cf41 7dx,1
CF41 7NQ,1
CF41 7NQ,1
CF41 7SD,1
CF417BU,1
CF417DX,1
CF417HG,1
CF417HQ,1
cf417jh,1
CF417JL,1
cf417nl,1
CF417TL,1
CF417TW,1
CF42 5AH,1
CF42 5DG,1
CF42 5DT,1
CF42 5PL,1
CF42 5PR,1
cf42 6pw,1
CF42 6RG,1
CF42 6RH,1
CF425BU,1
cf425hu,1
CF425PQ,1
cf425rd,1
CF426PY,1
CF426TU,1
CF426UH,1
CF43 3DD,1
CF43 3DW,1
CF43 3EX,1
CF43 3NP,1
CF43 4BT,1
CF43 4BT,1
cf43 4dt,1
CF43 4NG,1
CF433AB,1
cf433ae,1
CF434HH,1
CF434RB,1
CF434TB,1
CF44 0bq,1
cf44 0dj,1
CF44 0HN,1
CF44 0NX,1
CF44 0YH,1
CF44 6ED,1
CF44 6HD,1
CF44 6NP,1
CF44 6RY,1
CF44 6UY,1
CF44 7HD,1
CF44 7PT,1
CF44 8AQ,1
CF44 8BN,1
CF44 8BX,1
cf44 8df,1
cf44 8px,1
CF44 9AL,1
CF44 9LX,1
CF44 9PJ,1
CF44 9QF,1
cf44 9qh,1
CF44 9QQ,1
CF440BB,1
CF440BF,1
CF440RQ,1
CF440SD,1
cf446au,1
CF446HH,1
CF446LB,1
CF446RT,1
cf446sb,1
CF446YA,1
CF447BS,1
CF447PG,1
CF447PP,1
CF447RE,1
CF448BF,1
CF448DF,1
CF448EG,1
CF448PA,1
CF448SL,1
CF448TT,1
CF448UG,1
CF449DN,1
CF449HX,1
cf449jx,1
CF449JY,1
CF449NX,1
CF45 3YB,1
cf45 4ae,1
CF45 4BA,1
CF45 4BU,1
CF45 4DW,1
CF45 4PF,1
CF45 4TR,1
cf453an,1
cf453bd,1
CF453EL,1
CF453ND,1
CF454AQ,1
CF454EB,1
CF454PE,1
cf454pu,1
CF454UA,1
CF46 5BL,1
CF46 5RD,1
CF46 6AD,1
CF46 6BG,1
CF46 6EF,1
CF46 6HB,1
CF46 6JB,1
CF46 6NY,1
CF46 6PB,1
cf465ab,1
cf465rb,1
CF466AB,1
cf466ha,1
Cf466HL,1
CF466HU,1
CF466LS,1
cf466np,1
CF466TY,1
CF47 0DF,1
CF47 0HP,1
CF47 0Ht,1
CF47 0HY,1
CF47 0PB,1
CF47 0RG,1
CF47 0SR,1
CF47 0UU,1
CF47 8NS,1
CF47 8SP,1
CF47 8YY,1
CF47 9AD,1
CF47 9RY,1
CF47 9UY,1
CF47 9YE,1
cf47 9yy,1
cf470dw,1
CF470DW,1
CF470ET,1
CF470GB,1
CF470JE,1
CF478PT,1
CF478RU,1
cf479dr,1
CF479RE,1
cf479sb,1
CF479SF,1
CF479UT,1
CF48 1AF,1
CF48 1PL,1
CF48 1SF,1
CF48 1SQ,1
CF48 1TL,1
cf48 2aa,1
CF48 2BF,1
CF48 2DT,1
CF48 2EF,1
cf48 2ey,1
CF48 2SR,1
CF48 3HF,1
cf48 4az,1
CF48 4BP,1
CF48 4DQ,1
Cf48 4EF,1
CF48 4HW,1
CF48 4JG,1
cf48 4qt,1
cf48 4rs,1
CF48 4SZ,1
CF481AD,1
CF481BE,1
CF481BF,1
CF481BQ,1
CF481DS,1
CF481JD,1
CF481JG,1
CF481RD,1
CF481TH,1
CF481TX,1
CF482AW,1
cf482ey,1
CF482LF,1
CF482RT,1
CF482TY,1
CF482YB,1
cf483he,1
CF483PE,1
CF483PU,1
CF484DW,1
CF484HR,1
CF484JN,1
CF484LP,1
CF484PN,1
Cf5 1ae,1
CF5 1AH,1
CF5 1AP,1
CF5 1BB,1
Cf5 1DS,1
CF5 1ET,1
CF5 1EZ,1
CF5 1FY,1
CF5 1GL,1
CF5 1HG,1
CF5 1HS,1
CF5 1HU,1
CF5 1JQ,1
CF5 1LT,1
CF5 1LU,1
CF5 1LY,1
CF5 1NT,1
CF5 1PD,1
CF5 1PQ,1
CF5 1PQ,1
CF5 1PS,1
CF5 1QL,1
CF5 1SB,1
CF5 2AP,1
CF5 2DW,1
CF5 2EX,1
CF5 2HD,1
CF5 2HN,1
CF5 2NG,1
CF5 2NN,1
CF5 2PZ,1
CF5 2QZ,1
CF5 2RJ,1
CF5 2RP,1
CF5 2RU,1
CF5 2RU,1
CF5 3AW,1
CF5 3BW,1
CF5 3BW,1
CF5 3BZ,1
CF5 3DA,1
CF5 3EB,1
CF5 3HG,1
CF5 3HJ,1
CF5 3JD,1
CF5 3LR,1
CF5 3NW,1
CF5 3RR,1
CF5 3SG,1
CF5 4BJ,1
CF5 4DT,1
CF5 4EB,1
CF5 4ND,1
cf5 4qx,1
CF5 4SF,1
CF5 4TH,1
CF5 4TP,1
CF5 4UD,1
CF5 4UN,1
CF5 5BZ,1
CF5 5DE,1
CF5 5DW,1
CF5 5EU,1
CF5 5EX,1
CF5 5JF,1
CF5 5LQ,1
CF5 5NF,1
CF5 5NG,1
CF5 5NT,1
CF5 5RA,1
CF5 6AH,1
CF5 6AH,1
CF5 6BW,1
CF5 6HR,1
CF5 6HR,1
CF5 6LG,1
CF5 6TR,1
CF5 6TY,1
cf51bu,1
CF51HN,1
CF51NS,1
cf53jd,1
cf54st,1
cf56hn,1
CF61 1GX,1
CF61 1RQ,1
CF61 1TD,1
CF61 1TF,1
cf61 1tn,1
CF61 1TN,1
CF61 1YD,1
CF61 1YH,1
CF61 2GU,1
CF61 2SP,1
CF61 2XF,1
CF612XN,1
CF612XX,1
CF62 3DH,1
cf62 3dy,1
CF62 3FT,1
CF62 3HD,1
CF62 3HL,1
CF62 3HR,1
CF62 3LA,1
Cf62 3LB,1
CF62 3LD,1
CF62 3LH,1
CF62 4JE,1
CF62 4JQ,1
CF62 4JT,1
CF62 4JW,1
CF62 4JZ,1
CF62 4LB,1
CF62 4NJ,1
CF62 4PZ,1
CF62 5AB,1
CF62 5SA,1
CF62 5UZ,1
CF62 6LF,1
CF62 6PR,1
CF62 6QD,1
CF62 6SL,1
CF62 6SQ,1
CF62 7HB,1
cf62 7hy,1
CF62 7JR,1
CF62 7NL,1
CF62 7PZ,1
CF62 7RJ,1
CF62 7TL,1
CF62 8AG,1
CF62 8AX,1
CF62 8BR,1
CF62 8DQ,1
CF62 8HZ,1
CF62 9AD,1
Cf62 9et,1
CF62 9FT,1
CF62 9PW,1
cf62 9sz,1
CF624JG,1
CF624JU,1
CF624LW,1
CF625AB,1
CF625UW,1
CF626PG,1
CF628BB,1
CF629BG,1
cf63 1bd,1
CF63 1BD,1
CF63 1FS,1
cf63 1ng,1
CF63 1QG,1
CF63 1QQ,1
CF63 1QX,1
CF63 2AF,1
CF63 2BE,1
CF63 4DH,1
CF63 4EG,1
CF63 4HX,1
CF63 4JQ,1
cf63 4jw,1
CF63 4PQ,1
CF63 4QR,1
cf631au,1
CF631ES,1
cf631es,1
CF631HG,1
CF631QN,1
CF632AS,1
CF634BB,1
CF634LU,1
cf634qr,1
CF64 1AL,1
CF64 1HA,1
CF64 1HH,1
CF64 1JN,1
CF64 1SG,1
CF64 1SP,1
CF64 1SR,1
CF64 1TH,1
CF64 1TN,1
CF64 2HR,1
CF64 2JY,1
CF64 2JZ,1
CF64 2LR,1
CF64 2NN,1
CF64 2RD,1
CF64 2RU,1
CF64 2SY,1
CF64 2TY,1
CF64 2WD,1
CF64 3HH,1
CF64 3HS,1
CF64 3QU,1
CF64 3RG,1
CF64 4DF,1
CF64 4DU,1
CF64 4HT,1
CF64 4LE,1
CF64 4PL,1
CF64 4TE,1
CF64 4TL,1
CF64 4UE,1
CF64 4UL,1
CF64 5FT,1
CF64 5QA,1
CF64 5RF,1
CF64 5TE,1
CF64 5TG,1
CF64 5TS,1
CF64 5TW,1
cf64 w,1
CF71 7AQ,1
CF71 7BR,1
CF71 7DF,1
CF71 7EE,1
CF71 7EQ,1
CF71 7ER,1
CF71 7LH,1
CF71 7QD,1
CF717NL,1
CF717QR,1
CF717TX,1
CF72 8AP,1
CF72 8DD,1
CF72 8DL,1
CF72 8DS,1
CF72 8EW,1
cf72 8fe,1
CF72 8JE,1
CF72 8QX,1
CF72 8RD,1
cf72 8rx,1
CF72 8SB,1
CF72 8SB,1
CF72 8SF,1
CF72 8SL,1
CF72 9AL,1
CF72 9EL,1
CF72 9ET,1
CF72 9GA,1
CF72 9GJ,1
CF72 9HZ,1
CF72 9JD,1
cf72 9jg,1
cf72 9ju,1
CF72 9PD,1
CF72 9PF,1
CF72 9QA,1
CF72 9QB,1
CF72 9QG,1
CF72 9QR,1
CF72 9RD,1
CF72 9RG,1
CF72 9RL,1
CF72 9TA,1
CF72 9TU,1
CF72 9UB,1
CF72 9UB,1
CF72 9US,1
CF728AT,1
CF728EL,1
CF728JA,1
CF728SS,1
CF728TT,1
CF729BF,1
CF729DJ,1
cf729ef,1
CF729ET,1
cf729fr,1
CF729FW,1
CF729FW,1
cf729fz,1
CF729HH,1
CF729JA,1
CF729JN,1
CF729NL,1
CF729QZ,1
CF729QZ,1
CF729SQ,1
cf729ss,1
CF729TT,1
CF729UW,1
CF81 8JE,1
CF81 8JN,1
cf81 8nl,1
CF81 8SP,1
CF81 8SS,1
cf81 8su,1
CF81 8TP,1
CF81 8UE,1
CF81 8UE,1
CF81 9AX,1
CF81 9BD,1
CF81 9BF,1
CF81 9BJ,1
CF81 9EU,1
CF81 9GL,1
CF81 9GX,1
cf81 9ht,1
cf81 9jn,1
CF81 9NH,1
CF81 9NT,1
CF818JJ,1
CF818NY,1
CF818UW,1
CF819DL,1
CF819GL,1
CF819QH,1
CF82 6AN,1
CF82 7 BJ,1
cf82 7bj,1
CF82 7BW,1
CF82 7GB,1
CF82 7GQ,1
CF82 7HQ,1
cf82 7hr,1
CF82 7LR,1
CF82 7NA,1
CF82 7NN,1
cf82 7pu,1
CF82 7TA,1
CF82 7TA,1
CF82 7TH,1
CF82 8AJ,1
CF82 8BP,1
CF82 8DJ,1
CF82 8DP,1
CF82 8FH,1
CF82 8HD,1
CF82 8HZ,1
CF827AB,1
cf827bt,1
CF827DN,1
CF827GD,1
CF827HB,1
CF827HU,1
CF827JE,1
CF827QU,1
CF827RQ,1
CF827RQ,1
CF827SG,1
CF827TG,1
CF828EZ,1
CF828FG,1
CF828HT,1
CF83 1AP,1
CF83 1DG,1
CF83 1EW,1
CF83 1FW,1
CF83 1GF,1
CF83 1GG,1
CF83 1GG,1
CF83 1GJ,1
CF83 1HF,1
CF83 1HN,1
CF83 1HQ,1
CF83 1HS,1
CF83 1JX,1
CF83 1JY,1
CF83 1LP,1
CF83 1LP,1
CF83 1NT,1
cf83 1rr,1
CF83 1RZ,1
cf83 1st,1
CF83 1SU,1
CF83 1TH,1
CF83 1TT,1
CF83 1TU,1
CF83 2AG,1
CF83 2AJ,1
CF83 2BG,1
CF83 2EU,1
CF83 2LD,1
CF83 2NB,1
cf83 2pb,1
CF83 2PD,1
CF83 2PP,1
CF83 2QP,1
CF83 2QT,1
CF83 2SR,1
cf83 2tb,1
CF83 2UJ,1
cf83 2uq,1
CF83 2UU,1
CF83 2UU,1
CF83 3AB,1
cf83 3aq,1
CF83 3AW,1
CF83 3BN,1
CF83 3BQ,1
CF83 3BS,1
Cf83 3eq,1
CF83 3ER,1
CF83 3EW,1
CF83 3HL,1
cf83 3hw,1
CF83 3JL,1
CF83 3JW,1
CF83 3LE,1
CF83 3LU,1
CF83 3QJ,1
CF83 3RT,1
CF83 3RT,1
CF83 4BP,1
CF83 4ER,1
CF83 4FZ,1
CF83 4GL,1
cf83 4hl,1
CF83 8AJ,1
CF83 8DN,1
CF83 8DQ,1
CF83 8DW,1
CF83 8EE,1
CF83 8EH,1
CF83 8EJ,1
Cf83 8HB,1
CF83 8LA,1
CF83 8SU,1
CF831DD,1
CF831ET,1
CF831SU,1
CF831SU,1
CF832ET,1
CF832ex,1
CF832LB,1
CF832LS,1
CF832LW,1
cf832pq,1
CF832QH,1
CF832TG,1
CF833DR,1
CF833DT,1
CF833EE,1
CF833LH,1
CF833LJ,1
cf833nu,1
CF833NU,1
CF833PF,1
CF833PP,1
CF833QZ,1
CF834BS,1
CF838AE,1
CF838GG,1
CF838GS,1
cf838gs,1
CF838GS,1
CG64 1SE,1
CH1 5DA,1
CH1 6DB,1
CH2 1TF,1
CH2 3NX,1
CH4 0RP,1
CH4 7PQ,1
CH4 9AG,1
CH45 5JQ,1
CH450LU,1
CH46 8TQ,1
CH5 1JA,1
CH5 1LQ,1
CH5 1QB,1
CH5 1QB,1
CH5 3NH,1
CH5 4GB,1
CH6 5JU,1
CH632QD,1
ch65 9lh,1
ch7 1gq,1
ch7 2eh,1
ch7 2eh,1
ch7 3dg,1
CH7 3NE,1
CH7 3NL,1
CH7 3NL,1
CH7 4BG,1
CH7 5BH,1
CH7 5BS,1
CH7 5EJ,1
CH7 5HG,1
CH7 5NE,1
CH7 5PW,1
CH7 5QS,1
CH7 6TJ,1
CH7 6UN,1
CH8 7DR,1
CH8 7HZ,1
CH8 7RU,1
CH8 8SB,1
CH8 9NZ,1
CH8 9PF,1
cm14al,1
CM17 0DX,1
CM6 3GD,1
CM6 3PA,1
CM7 3TY,1
CM7 9RT,1
CO3 4DJ,1
CO5 0EE,1
CR0 1HL,1
CR5 2NP,1
CT11 9QZ,1
CT16 2LB,1
CT2 8AG,1
CV1 3ER,1
CV109JA,1
CV128RR,1
CV21 2LU,1
CV21 3NP,1
CV3 2NE,1
cv31 1jp,1
CV326PJ,1
CV339ES,1
CV364AB,1
CV365AA,1
cv37 9sd,1
CV4 9RR,1
CV5 8FU,1
CV7 7QE,1
CW1 2PA,1
CW1 4EU,1
cw15zf,1
CW2 5FE,1
CW2 8QX,1
CW39PU,1
CW5 8HB,1
DA122RN,1
DA2 7NN,1
DE560SF,1
DE735SG,1
DH6 4LJ,1
DL1 4AJ,1
DL11 7HH,1
DL11 7RD,1
DL8 2DZ,1
DN21 5AR,1
DN220SJ,1
DN9 1LJ,1
DT1 2ES,1
DT4 0GX,1
DT4 0LQ,1
DT6 6DZ,1
DT9 6SS,1
DY1 3TZ,1
DY10 1RP,1
dy11 6sp,1
DY122DH,1
DY13 8JJ,1
dy138pq,1
DY139TF,1
DY148EG,1
DY6 8AN,1
DY8 2AN,1
E15 2SX,1
E1W 2QW,1
E4  9NW,1
E4 9AP,1
E4 9RJ,1
EC1R3DG,1
EH8 9SP,1
EX10 9FB,1
EX122EY,1
EX14 2YU,1
EX149RF,1
EX15 2NL,1
EX15 3RJ,1
EX164NF,1
EX2 5DU,1
EX34 9PQ,1
EX39 5BU,1
EX4 2PJ,1
EX9 7HB,1
FY5 2LR,1
FY8 2PX,1
G60 5EH,1
GL1 4UU,1
GL1 5AX,1
GL11 6PU,1
GL116HF,1
GL12 8DX,1
GL12 8NP,1
GL12 8QB,1
GL127DU,1
GL128DX,1
GL14 2SW,1
GL141AZ,1
GL141BP,1
GL141HQ,1
GL15 6UA,1
GL155QF,1
GL16 8NB,1
GL167PX,1
gl168ay,1
GL179FB,1
GL181BZ,1
GL19 3SN,1
GL2 0NN,1
GL2 9BX,1
gl20 7dg,1
GL206HD,1
GL3 2DG,1
GL3 2RW,1
GL3 2SJ,1
GL3 4ER,1
GL3 4RP,1
GL4 5BH,1
GL4 5WJ,1
GL4 8EL,1
GL5 5AA,1
GL50 2RD,1
GL50 3RQ,1
GL50 4LR,1
gl50 4se,1
GL51 0WA,1
GL51 8HT,1
GL51 9LL,1
GL513BJ,1
GL518HT,1
GL519DY,1
gl52 2nd,1
GL52 9ET,1
GL526NS,1
GL528XW,1
GL53 0DJ,1
GL53 7EE,1
GL53 7NY,1
gl538ph,1
GL544JD,1
GL66BH,1
GL7 1BQ,1
GL7 1BY,1
GL7 1UH,1
GL7 2HB,1
GL7 5JH,1
GL7 5SH,1
gl7 6ed,1
gl7 9bs,1
GU11 1NF,1
GU12 4QA,1
GU124EW,1
GU15 2TB,1
GU16 6QB,1
GU18 5TT,1
GU2 8BW,1
GU350XG,1
GU4 7NW,1
GU47 0YR,1
GU5 0RZ,1
GU51 1DB,1
gu511gd,1
GU512UW,1
GU6 8PS,1
GU7 2HN,1
HA1 4LY,1
ha54nn,1
HA8 5DJ,1
HD6 4BN,1
hg20aq,1
HP137SX,1
HP178XH,1
HP18 9RA,1
HP2 5SY,1
Hp20 1ly,1
HP22 6AA,1
hp225qq,1
HP4 1HN,1
HR1 1AU,1
HR1 3EW,1
hr14ex,1
HR2 0AH,1
HR2 6EX,1
HR2 6LJ,1
HR2 6PH,1
HR2 7QE,1
HR2 7YX,1
HR28HP,1
HR3 5AR,1
HR3 5BW,1
HR3 5NH,1
HR3 5NT,1
HR35NH,1
HR4 0HE,1
HR4 0JD,1
HR4 8AA,1
HR5 3PR,1
HR5 3PW,1
HR7 4AL,1
HR8 2EN,1
HR8 2LA,1
HR9 5LU,1
HR9 5LY,1
HR9 5NR,1
HR9 7XX,1
HU10 6PD,1
IG8 8ED,1
IP11 7PR,1
IP14 4DP,1
IP6 8RN,1
IP9 2RX,1
IV308PW,1
KT12 2DL,1
kt14 6qb,1
KT152ER,1
KT16 0GD,1
KT2 7TG,1
KT22 7JL,1
KT4 8UE,1
KT6 6HG,1
KT7 0PT,1
KT8 9HN,1
L15 3HT,1
L37 4DD,1
l99bj,1
LA1 3DW,1
LA14 1QJ,1
LA9 6AY,1
LD1 5LB,1
LD1 5SA,1
LD1 5TT,1
LD1 5UF,1
LD1 5UW,1
LD1 5YB,1
LD1 6AT,1
ld1 6be,1
LD1 6BY,1
LD1 6DY,1
LD1 6NS,1
ld1 6rw,1
LD16PA,1
LD2 3BJ,1
Ld2 3JJ,1
LD2 3UL,1
LD3 0AU,1
LD3 0SY,1
LD3 0UL,1
LD3 0YG,1
LD3 7BQ,1
LD3 7DD,1
LD3 7EX,1
Ld3 7hj,1
LD3 7LX,1
LD3 7RX,1
LD3 7YJ,1
LD3 8AF,1
LD3 8UA,1
LD3 8YT,1
LD3 9DY,1
LD3 9RG,1
LD3 9UB,1
ld30ay,1
LD38PB,1
ld39ue,1
LD5 4RA,1
LD5 4RE,1
LD5 4SY,1
LD7 1HB,1
LD7 1LD,1
LD7 1LF,1
LD7 1LT,1
LD71DT,1
LE12 9BP,1
LE156PW,1
LE16 8EY,1
LE2 3HJ,1
le65 1hj,1
LL11 2PW,1
LL11 3HY,1
LL11 4BP,1
LL11 4EQ,1
LL11 4SQ,1
LL11 4UH,1
LL11 4YS,1
LL11 5YH,1
LL11 6LD,1
LL11 6ND,1
ll11 6tx,1
LL112LA,1
LL113LY,1
ll114ar,1
LL114BX,1
LL114EQ,1
LL114UQ,1
LL115TN,1
LL116RE,1
LL116SG,1
LL12 8AJ,1
LL120RR,1
LL120SU,1
LL127BA,1
ll127rl,1
ll127sn,1
LL128EY,1
LL128JJ,1
LL128TF,1
LL129PB,1
LL129RG,1
LL13 0AN,1
LL13 7RA,1
LL13 8SJ,1
LL13 9GZ,1
LL13 9NJ,1
LL130TQ,1
LL130UJ,1
LL138DX,1
LL14 1PR,1
LL14 2DQ,1
LL14 2EW,1
LL142AS,1
LL142LD,1
LL142RH,1
LL144HU,1
LL145RG,1
LL15 1LH,1
LL16 4NY,1
LL16 5YL,1
LL163DP,1
LL163UG,1
LL17 0BQ,1
LL17 0BT,1
LL18 2EH,1
LL183PD,1
ll184jq,1
LL198TH,1
LL20 7PA,1
LL20 8LU,1
ll208hd,1
LL21 9PU,1
LL22 8DR,1
LL22 8EL,1
LL237HD,1
LL26 0NF,1
ll26 0rf,1
LL284NR,1
LL285DR,1
LL29 7BH,1
LL29 7UA,1
LL29 7UP,1
LL29 8YD,1
ll30 1hu,1
LL30 2EF,1
LL30 3fg,1
LL302DQ,1
LL302RJ,1
LL303HP,1
LL319LT,1
LL32 8RD,1
ll34 6au,1
LL346HS,1
LL36 9PS,1
LL36 9PS,1
LL369SH,1
LL401LF,1
LL41 3UY,1
LL41 4SF,1
ll421rw,1
ll44 2ep,1
LL46 2NZ,1
LL46 2UJ,1
LL48 6AR,1
LL499AP,1
LL499NY,1
LL51 9UX,1
LL519UX,1
LL53 5EA,1
ll53 6hl,1
LL53 6UG,1
LL535HH,1
ll536bj,1
LL536NX,1
LL537PF,1
LL54 5LR,1
LL546RA,1
LL547BB,1
LL55 1UH,1
LL55 3BW,1
LL55 4AU,1
LL55 4SD,1
LL55 4TT,1
LL55 4YS,1
ll552lx,1
LL552SU,1
LL552UW,1
LL552UW,1
LL553LL,1
LL553NR,1
LL554TN,1
LL57 2PU,1
LL57 2ST,1
LL57 3PG,1
LL57 4DX,1
LL573NP,1
ll573rs,1
LL60 6AY,1
LL606AA,1
Ll606BA,1
LL606EU,1
LL61 5JS,1
LL65 1PJ,1
LL65 2DA,1
LL65 2RU,1
LL65 3AH,1
LL65 3NG,1
LL65 3UD,1
LL65 4AA,1
LL65 4SP,1
LL699YR,1
LL77 7HW,1
LL77 7WA,1
LL777HR,1
LN4 4RP,1
LN4 4RP,1
LS270QB,1
LS28 8AX,1
LS4 2QX,1
ls7 4rd,1
LU3 2PT,1
LU7 0AA,1
LU70NJ,1
M20 2NW,1
M25 2RP,1
ME145BX,1
ME19 4SA,1
ME20 6GP,1
ME9 0SP,1
ME9 0SP,1
MK18 1AH,1
MK4 4EH,1
MK4 4GS,1
MK45 2XD,1
mk45 4rh,1
MK8 0PG,1
ML1 3RJ,1
N21 3LA,1
N22 8LT,1
NE437QZ,1
NG1 5DT,1
NG1 6GL,1
NG11 7HF,1
NG12 2HQ,1
NG16 2EP,1
NG19 6NJ,1
NG2 3AN,1
NG32 2NL,1
NG5 8RA,1
NG9 1DP,1
NN11 6DX,1
nn14 1lu,1
NN14 2JE,1
NN14 2LD,1
NN6 7BA,1
NN6 8JD,1
NN8 4HE,1
NN9 5PY,1
NP10 8EA,1
NP10 8EW,1
NP10 8HE,1
NP10 8JT,1
NP10 8LS,1
NP10 8PR,1
NP10 8RY,1
NP10 8SQ,1
np10 8sr,1
NP10 9DA,1
NP10 9DY,1
NP10 9EL,1
NP10 9ET,1
NP10 9JD,1
NP10 9JL,1
NP100AP,1
NP100BT,1
NP108EJ,1
NP108FP,1
NP108HT,1
NP108JD,1
np108ls,1
np108na,1
NP108NQ,1
NP108PS,1
NP108QE,1
NP108RL,1
NP108WN,1
NP109FT,1
NP109JJ,1
NP109JY,1
NP109LL,1
NP11 3AD,1
NP11 3BT,1
NP11 4ES,1
NP11 4HN,1
NP11 4QE,1
NP11 4RG,1
np11 4rs,1
NP11 4SH,1
NP11 4SR,1
NP11 5LP,1
np11 6fj,1
NP11 6HQ,1
NP11 6JD,1
NP11 6PF,1
np11 6qx,1
NP11 7AG,1
NP11 7DF,1
NP11 7GB,1
NP11 7GF,1
NP11 7HA,1
NP11 7PB,1
np11 7qs,1
NP113BN,1
np113dg,1
NP114AD,1
NP114NP,1
NP114PY,1
NP114RA,1
NP114SU,1
np114sy,1
NP114TD,1
NP115GZ,1
np115jg,1
NP116BD,1
NP116LW,1
NP116QG,1
NP116QJ,1
np116re,1
NP116RG,1
NP117BJ,1
NP117BW,1
NP117GD,1
NP117NR,1
NP12 0BL,1
NP12 0BL,1
np12 0bl,1
NP12 0BR,1
NP12 0DA,1
NP12 0EG,1
NP12 0JE,1
NP12 0JR,1
NP12 0NA,1
Np12 0uy,1
NP12 1AL,1
NP12 1DW,1
NP12 1FP,1
NP12 1GL,1
NP12 1GS,1
NP12 1GT,1
NP12 1JD,1
NP12 1JL,1
NP12 2DB,1
NP12 2EB,1
NP12 2EG,1
np12 2el,1
NP12 2EQ,1
NP12 2FP,1
np12 2fw,1
NP12 2LJ,1
NP12 2NF,1
NP12 2NS,1
NP12 2PH,1
NP12 2QJ,1
NP12 2QJ,1
NP12 2QJ,1
NP12 3HG,1
NP12 3JR,1
NP12 3LG,1
NP12 3LH,1
NP12 3NG,1
NP12 3NG,1
np12 3pg,1
NP12 3QR,1
NP12 3TH,1
NP12 3TS,1
NP12 3XW,1
NP12 3XW,1
NP120AR,1
NP120LX,1
np120qngwent,1
NP120QS,1
NP121GF,1
NP121GW,1
NP121HH,1
NP121LX,1
NP122AQ,1
np122br,1
NP122BY,1
NP122FT,1
NP122FY,1
NP122LP,1
NP122ND,1
NP122NL,1
NP122NR,1
np122pr,1
NP123HB,1
NP123QR,1
NP123QS,1
np123rt,1
NP123SX,1
np123ts,1
NP13 1AP,1
np13 1el,1
NP13 1HN,1
np13 1np,1
NP13 1NR,1
NP13 1TP,1
np13 2es,1
NP13 2LX,1
NP13 3EQ,1
NP13 3EQ,1
NP13 3HE,1
NP131BD,1
NP131HZ,1
NP131LF,1
np131th,1
NP132PU,1
np133hy,1
NP133JY,1
NP133NH,1
NP15 1LT,1
NP15 1QU,1
NP15 1TJ,1
NP15 2LN,1
NP151DN,1
NP151EY,1
NP151HA,1
np152aa,1
np152ay,1
NP152BX,1
NP152DY,1
NP152JU,1
np152jw,1
NP16 5JA,1
NP16 5LU,1
NP16 5LZ,1
NP16 5NL,1
NP16 5QG,1
NP16 5QH,1
NP16 5SH,1
NP16 5TJ,1
NP16 6ED,1
NP16 6LA,1
NP16 6LE,1
NP16 6LX,1
NP16 6NH,1
NP16 6RL,1
NP16 6TF,1
NP16 7AB,1
NP16 7ER,1
NP16 7RG,1
NP165BP,1
NP165DL,1
np165nj,1
NP165QN,1
NP165SA,1
NP166DQ,1
NP166JU,1
NP166NB,1
NP166NF,1
Np167ls,1
NP18 1BW,1
NP18 1DA,1
NP18 1LF,1
NP18 1TN,1
np18 2au,1
NP18 2DZ,1
Np18 2jl,1
NP18 3DP,1
Np18 3ew,1
np18 3rf,1
NP18 3RQ,1
NP18 3RU,1
NP181BL,1
NP181HG,1
NP182EY,1
NP182JL,1
NP182NS,1
NP183DS,1
NP183FY,1
NP19 0AS,1
Np19 0bh,1
NP19 0HN,1
NP19 0HQ,1
Np19 0rj,1
NP19 4NX,1
NP19 4NX,1
NP19 4QJ,1
NP19 4SA,1
NP19 4TL,1
np19 7aq,1
NP19 7AY,1
NP19 7DE,1
NP19 7GJ,1
NP19 7LL,1
NP19 7NH,1
NP19 7NH,1
NP19 8AR,1
NP19 8BE,1
NP19 8DB,1
NP19 8ER,1
np19 8gl,1
NP19 9BX,1
NP19 9DR,1
NP19 9ED,1
NP190DT,1
np190lf,1
NP190NR,1
NP197ES,1
NP197ET,1
NP197LG,1
NP197LT,1
NP197RZ,1
np198hn,1
NP199BB,1
NP199DW,1
NP199JF,1
NP199QD,1
Np20 1JU,1
NP20 2EB,1
NP20 2FL,1
NP20 2FS,1
NP20 2LT,1
NP20 3NW,1
NP20 3PR,1
np20 3py,1
NP20 3QN,1
NP20 3RG,1
NP20 4FH,1
NP20 4LA,1
NP20 5AG,1
np20 5ba,1
NP20 5FG,1
NP20 5FR,1
np20 5nd,1
np20 5ph,1
NP20 5PJ,1
NP20 5RE,1
np20 6gx,1
np20 6lu,1
NP20 6LU,1
NP20 6NH,1
np20 6ql,1
NP20 7AF,1
NP20 7BA,1
NP20 7BT,1
NP20 7UJ,1
NP20 7XP,1
NP20 7YA,1
NP203FX,1
NP204EG,1
NP204FL,1
NP204NF,1
NP204NU,1
NP204PJ,1
np205ba,1
np205dx,1
NP205ER,1
NP205FR,1
NP206LT,1
np207ra,1
NP22 3AG,1
NP22 3HN,1
np22 3ht,1
NP22 3JX,1
NP22 3LG,1
NP22 3SR,1
NP22 4JR,1
NP22 4NT,1
NP22 4PG,1
np22 4pw,1
NP22 5AL,1
NP22 5AR,1
np22 5ax,1
NP22 5AY,1
NP22 5DF,1
NP22 5HN,1
NP22 5JA,1
NP22 5JG,1
NP22 5JL,1
np22 5pb,1
NP22 5QJ,1
NP22 5QL,1
np223jp,1
NP223JW,1
NP224AQ,1
NP224DS,1
NP224DT,1
np224pj,1
Np225bd,1
NP225EW,1
NP225EX,1
NP225JB,1
np225lq,1
NP225NZ,1
NP225PR,1
NP23 4BN,1
NP23 4DZ,1
NP23 4JW,1
NP23 4PB,1
NP23 4RL,1
np23 5bx,1
NP23 5BZ,1
np23 5ll,1
np23 5nh,1
NP23 5QX,1
NP23 5TS,1
NP23 6AF,1
NP23 6NF,1
NP23 6NH,1
NP23 6PJ,1
np23 7sp,1
NP23 7SP,1
NP234DX,1
NP234HU,1
NP235AD,1
NP235AQ,1
NP235DG,1
NP235DG,1
NP235PU,1
NP235RP,1
NP235SA,1
NP235UF,1
NP236BY,1
NP236EJ,1
NP236EP,1
np236ga,1
NP236JE,1
NP236PN,1
np236qp,1
NP236TW,1
NP237ST,1
NP24 6BL,1
NP24 6HY,1
NP24 6JP,1
NP24 6JT,1
NP24 6NN,1
NP246BQ,1
np246pa,1
NP25 3BD,1
NP25 3BG,1
NP25 3LL,1
np25 3pr,1
NP25 3PR,1
NP25 4QU,1
NP25 4SQ,1
NP25 4TU,1
NP25 5AT,1
NP25 5AX,1
NP25 5AY,1
NP25 5BX,1
NP25 5FJ,1
NP25 5HR,1
NP25 5NG,1
NP253HU,1
np253ll,1
NP254DP,1
NP254DT,1
NP254UA,1
NP255AR,1
np255bt,1
NP255ES,1
NP255NN,1
NP255QE,1
NP255QG,1
np26 3fd,1
NP26 3FD,1
NP26 3JU,1
NP26 3NS,1
NP26 3PS,1
NP26 4BU,1
NP26 4EN,1
NP26 4FJ,1
np26 4hs,1
NP26 4QH,1
NP26 4QH,1
NP26 5DA,1
NP263DE,1
NP263EX,1
NP263JH,1
NP263NQ,1
NP263SJ,1
np263ub,1
NP264HS,1
np264hw,1
NP265BB,1
NP265BY,1
NP265DA,1
NP265DB,1
NP4 0BX,1
NP4 0HN,1
NP4 0NE,1
NP4 0NJ,1
NP4 0QD,1
NP4 0QU,1
NP4 0QZ,1
NP4 0QZ,1
NP4 0TF,1
NP4 0TP,1
NP4 0TZ,1
NP4 5AD,1
NP4 5AT,1
NP4 5BG,1
NP4 5DG,1
NP4 5EH,1
NP4 5ET,1
NP4 5EX,1
NP4 5EZ,1
NP4 5GZ,1
NP4 5HA,1
NP4 5HP,1
NP4 5HZ,1
NP4 5JA,1
NP4 5JE,1
NP4 5LA,1
NP4 5LA,1
NP4 5LJ,1
NP4 5LS,1
NP4 5LT,1
NP4 5LU,1
NP4 5LU,1
NP4 5LU,1
NP4 5NB,1
NP4 5SF,1
NP4 5YJ,1
NP4 5YL,1
NP4 6AE,1
NP4 6BT,1
NP4 6HA,1
NP4 6HR,1
NP4 6JY,1
NP4 6PH,1
NP4 6QZ,1
np4 6rp,1
NP4 6RY,1
NP4 7AG,1
NP4 7HE,1
NP4 7HL,1
np4 7sb,1
np4 7su,1
NP4 7UG,1
NP4 8BJ,1
NP4 8HB,1
NP4 8HS,1
NP4 8JP,1
NP4 8RD,1
NP4 8XH,1
NP4 9JR,1
NP4 9LP,1
NP4 9LU,1
NP4 9QE,1
NP44 1BE,1
NP44 1BH,1
NP44 1BY,1
NP44 1HA,1
NP44 1HG,1
NP44 1PH,1
NP44 1PL,1
NP44 1TZ,1
NP44 2AY,1
NP44 2DE,1
NP44 2EN,1
NP44 2JE,1
np44 2lf,1
NP44 2LJ,1
NP44 2LT,1
NP44 3GB,1
NP44 3GD,1
NP44 3NA,1
np44 3nj,1
NP44 3NQ,1
NP44 4HF,1
NP44 4LH,1
NP44 4PP,1
NP44 4RF,1
NP44 4TF,1
NP44 5BN,1
NP44 5HH,1
NP44 5HQ,1
NP44 5SQ,1
NP44 6EA,1
NP44 6TU,1
NP44 7AD,1
NP44 7JW,1
NP44 7UT,1
Np44 8rf,1
np44 8tj,1
np44 8ty,1
NP441AB,1
NP441DN,1
NP441EH,1
NP442HA,1
NP442NZ,1
NP442QL,1
NP442QL,1
NP443JP,1
np443lu,1
NP443QW,1
NP444NB,1
NP445EA,1
NP445HY,1
NP445TG,1
NP445TJ,1
NP445TL,1
NP445UZ,1
NP446EN,1
NP446EY,1
NP446HW,1
NP446JP,1
NP446LD,1
NP447DR,1
NP447DX,1
NP447LJ,1
NP447NX,1
NP447NY,1
NP447NZ,1
NP447PB,1
NP447UT,1
NP448JG,1
np448su,1
NP448SY,1
NP448TA,1
np46hr,1
np47hr,1
NP47ja,1
np48jw,1
NP7 0AW,1
NP7 0LS,1
NP7 0RL,1
NP7 5AY,1
NP7 5DU,1
NP7 5th,1
np7 6dd,1
NP7 6HB,1
NP7 6LP,1
NP7 6NL,1
NP7 6PL,1
NP7 7AN,1
NP7 7RS,1
NP7 8DH,1
np7 8rt,1
NP7 9LN,1
NP7 9PR,1
NP7 9PZ,1
np70bs,1
NP8 1BD,1
NP8 1DB,1
NP8 1NA,1
NP8 1NL,1
NP8 1PH,1
NP8 1TJ,1
np81eh,1
NR15 1EG,1
NR18 0FW,1
NR210GZ,1
NR25 6RU,1
NR316LA,1
NW4 4LG,1
NW9 5JP,1
OL14 5PA,1
OL3 5DH,1
OL4 2PB,1
OX1 3BW,1
OX10 6DP,1
OX11 8EW,1
OX11 8HW,1
OX119NW,1
OX120JS,1
OX14 3QQ,1
OX14 3RY,1
OX141XJ,1
OX142DR,1
OX169NL,1
OX18 3HS,1
OX182SJ,1
OX182SJ,1
ox182tr,1
OX2 6TD,1
ox29xd,1
OX3 9HX,1
OX4 3HP,1
OX9 3DL,1
PE10 0RE,1
PE134EQ,1
PE19 7GB,1
PE28 5SH,1
PE282AJ,1
PE8 6QB,1
PE9 1UQ,1
PL1 4FT,1
PL11 2HH,1
PL11 2HU,1
PL15 7RD,1
PL21 0AD,1
PL21 0BX,1
PL210AB,1
pl3 6bl,1
PL304ET,1
PL4 7AG,1
PL4 7NT,1
PL5 1NY,1
PL5 2BP,1
PL5 4HZ,1
PL7 5DZ,1
PO108NF,1
PO110EE,1
PO12 2AL,1
PO123TL,1
PO141AE,1
PO143PE,1
PO156HB,1
PO17 5LT,1
PO17 6HB,1
PO20 1PJ,1
PO20 2AS,1
PO21 3RP,1
PO22 7QZ,1
PO305SF,1
PO305XS,1
PO4 0EN,1
po4 0px,1
PO5 1AH,1
PO7 6EB,1
po8 0de,1
PO9 6AH,1
PR1 5JQ,1
PR1 8DX,1
RG10 9AT,1
RG14 6NT,1
RG14 7BY,1
RG141XG,1
RG146NX,1
RG17 0HF,1
RG170HF,1
RG184EA,1
RG189SY,1
RG19 3XF,1
RG193UP,1
RG20 6QX,1
rg21 8xa,1
RG23 7LD,1
RG24 8TJ,1
RG24 9DJ,1
RG24 9SF,1
RG26 3HP,1
RG26 5PE,1
RG31 6TB,1
RG402HN,1
RG41 5BT,1
RG414AD,1
RG42 1SP,1
RG456NF,1
RG6 4ES,1
RG6 4JY,1
RG8 0SX,1
RG9 1PL,1
RH1 3JB,1
RH1 4DE,1
RH103SL,1
RH117PU,1
RH12 2NY,1
RH12 4UN,1
RH191EX,1
RM16 3ER,1
S11 9HN,1
S62 7FD,1
S8 0UT,1
SA1 2AB,1
SA1 2NZ,1
SA1 3JJ,1
SA1 3SB,1
sa1 6dg,1
SA1 6EL,1
SA1 6EQ,1
SA1 6ET,1
SA1 6HS,1
SA1 6JG,1
sa1 6ra,1
SA1 6RD,1
SA1 6SD,1
SA1 6XP,1
SA1 7AS,1
SA1 7AW,1
SA1 7FD,1
SA1 7JE,1
SA1 8AL,1
SA1 8BN,1
SA1 8DW,1
sa1 8dy,1
SA1 8DZ,1
SA1 8LA,1
SA1 8NH,1
SA1 8NJ,1
sa10 6bq,1
SA10 6HR,1
SA10 6RR,1
SA10 6RR,1
SA10 6SR,1
SA10 6TS,1
SA10 7AT,1
SA10 7HF,1
SA10 7HF,1
SA10 7NH,1
SA10 7YG,1
SA10 8AQ,1
sa10 8eg,1
SA10 8EH,1
SA10 8LB,1
SA10 8LG,1
SA10 8LQ,1
SA10 8PL,1
sa10 8rg,1
sa10 8sd,1
sa10 9bt,1
sa10 9dt,1
sa10 9hs,1
SA10 9PL,1
sa10 9pn,1
SA106LE,1
SA106PE,1
SA106RL,1
sa106yt,1
SA107AW,1
SA107EB,1
sa107fj,1
SA107LR,1
SA108BE,1
SA108RS,1
SA11 1BD,1
SA11 1DZ,1
SA11 1JA,1
SA11 2JL,1
SA11 2SL,1
SA11 3ED,1
SA11 3JG,1
SA11 3TT,1
SA11 3YN,1
SA11 3YN,1
SA11 3YQ,1
SA11 3YY,1
SA11 5PE,1
SA11 5RT,1
SA11 5UN,1
SA111JF,1
SA111TU,1
SA112BA,1
SA112EP,1
SA112HR,1
SA113AP,1
SA113QX,1
SA113YN,1
sa11sa,1
sa12 6hg,1
SA12 6PH,1
sa12 7 tw,1
SA12 7BE,1
sa12 7bn,1
SA12 7DZ,1
SA12 7HF,1
SA12 7LB,1
SA12 7NE,1
SA12 7PH,1
SA12 7TN,1
SA12 8DY,1
SA12 8NU,1
SA12 8PL,1
SA12 8YD,1
SA12 9PD,1
SA126BH,1
SA126LU,1
SA126PR,1
SA126SA,1
SA127DE,1
SA127EH,1
SA127NR,1
SA127TE,1
sa128dl,1
SA128DS,1
SA128NT,1
sa128sg,1
SA128UY,1
SA129BA,1
SA129HY,1
Sa13  1Le,1
sa13 1bj,1
SA13 1EH,1
SA13 1EL,1
SA13 1TD,1
SA13 2AD,1
SA13 2AU,1
SA13 2DD,1
sa13 2eb,1
SA13 2NR,1
SA13 2TX,1
SA13 2YN,1
SA13 3TH,1
SA131BE,1
SA131EN,1
SA131LD,1
SA131TL,1
SA131YW,1
SA132AB,1
SA132AW,1
SA132BB,1
SA132LH,1
SA132TR,1
SA14 6HG,1
SA14 6HJ,1
SA14 6LY,1
SA14 6SL,1
SA14 6SL,1
SA14 6SN,1
SA14 7EA,1
SA14 7ER,1
SA14 7PE,1
SA14 7PN,1
sa14 7pr,1
SA14 7TN,1
SA14 8BT,1
SA14 8EJ,1
SA14 8LF,1
SA14 8LH,1
SA14 8LW,1
SA14 8NE,1
SA14 8NN,1
SA14 8QZ,1
SA14 8SB,1
SA14 8TB,1
SA14 8TS,1
SA14 8UQ,1
SA14 8XW,1
SA14 8XY,1
sa14 9ej,1
SA14 9EQ,1
SA14 9LZ,1
SA14 9SE,1
SA14 9TJ,1
SA14 9UJ,1
SA14 9UJ,1
SA146LY,1
SA146LY,1
SA146PX,1
SA147LA,1
SA147LA,1
SA147NF,1
SA148DE,1
SA148DG,1
SA148ER,1
SA148LH,1
SA148RJ,1
SA149BN,1
sa149bu,1
SA149DT,1
SA149EA,1
SA149GD,1
SA149HD,1
SA149LH,1
SA149UH,1
SA14LW,1
SA15 1BT,1
SA15 1EG,1
SA15 1GT,1
Sa15 1HY,1
SA15 1JD,1
SA15 1SN,1
SA15 1TS,1
SA15 2DF,1
SA15 2RS,1
SA15 3EB,1
SA15 3NQ,1
SA15 3QD,1
SA15 3YT,1
sa15 4bh,1
SA15 4HP,1
SA15 4LL,1
SA15 4NN,1
SA15 5DL,1
SA15 5DR,1
SA15 5UH,1
SA151DD,1
SA151GA,1
SA151HJ,1
SA151JT,1
SA151JU,1
sa151lr,1
SA151LS,1
SA152RG,1
SA152SN,1
SA153JS,1
SA153TF,1
SA154AA,1
SA154LD,1
SA155HF,1
sa155pd,1
SA155PR,1
SA155RT,1
SA16 0BE,1
SA16 0BS,1
SA16 0BY,1
SA16 0FZ,1
SA16 0FZ,1
SA16 0YB,1
SA160AL,1
SA160DA,1
SA160DX,1
sa17 4af,1
SA17 5BX,1
SA17 5JE,1
SA174PH,1
SA174PU,1
SA174RY,1
SA174UX,1
SA18 1BZ,1
SA18 1DB,1
SA18 1EJ,1
SA18 1HZ,1
SA18 1JH,1
sa18 1ya,1
SA18 2BU,1
SA18 2DW,1
SA18 2GE,1
sa18 2hl,1
SA18 2JY,1
SA18 2NE,1
SA18 2PL,1
SA18 2YG,1
SA18 2YT,1
Sa18 3hl,1
SA18 3LJ,1
SA18 3NF,1
SA18 3NG,1
SA18 3SZ,1
SA18 3YR,1
SA181AN,1
sa181au,1
SA181EJ,1
SA181LH,1
SA182BB,1
SA182GD,1
SA182HF,1
SA182HL,1
SA182RN,1
SA182RR,1
SA183AT,1
SA183JB,1
SA183LJ,1
SA183PY,1
SA183QR,1
SA183RP,1
SA183SB,1
SA183TP,1
SA183YA,1
SA19 6DD,1
SA19 6NW,1
SA19 6SZ,1
SA19 7 UU,1
SA19 7JQ,1
SA19 8AH,1
SA19 8JG,1
SA19 8TJ,1
SA19 9LL,1
SA196BU,1
SA196EB,1
SA197LY,1
sa198qf,1
SA2 0AP,1
SA2 0DU,1
SA2 0JN,1
SA2 0LR,1
SA2 0QD,1
SA2 0QS,1
SA2 0TW,1
SA2 0TY,1
SA2 0UL,1
SA2 7AE,1
SA2 7BP,1
SA2 7DG,1
SA2 7JN,1
SA2 7LL,1
SA2 7NN,1
SA2 7NX,1
SA2 7PQ,1
Sa2 7qt,1
SA2 7RL,1
SA2 7SX,1
SA2 7UG,1
SA2 7UQ,1
SA2 7UQ,1
sa2 8aq,1
SA2 8AQ,1
Sa2 8dh,1
SA2 8HR,1
SA2 8HR,1
SA2 8LQ,1
SA2 9AH,1
SA2 9DG,1
SA2 9DL,1
SA2 9GR,1
SA2 9HX,1
SA2 9LY,1
SA2 9NA,1
SA200EA,1
SA200HY,1
sa20jz,1
SA3 2AW,1
SA3 2BR,1
SA3 2BR,1
SA3 2BY,1
SA3 2EH,1
SA3 2HL,1
Sa3 3EN,1
SA3 4DL,1
SA3 4DL,1
SA3 4QP,1
SA3 5PX,1
SA3 5QB,1
SA3 5TR,1
SA31 1ED,1
SA31 2DU,1
SA31 2LG,1
SA31 2PJ,1
SA31 3NU,1
SA311ED,1
SA311EZ,1
SA311TR,1
SA312AY,1
SA312NH,1
sa313bz,1
SA313ED,1
SA313ER,1
SA313ET,1
SA313GR,1
SA313HL,1
SA313NU,1
SA32 7BX,1
SA32 7DR,1
SA32 7DT,1
SA32 7HW,1
SA32 7LG,1
SA32 7TG,1
SA32 7TG,1
SA32 8DS,1
SA32 8EB,1
SA32 8NU,1
SA32 8SF,1
SA327HL,1
SA328NU,1
SA33 4AX,1
sa33 4da,1
SA33 4SX,1
SA33 5BB,1
SA33 5NG,1
SA33 6BY,1
SA33 6HN,1
SA33 6JD,1
SA335BE,1
SA335ND,1
SA336JA,1
SA336RE,1
SA34 0HR,1
SA340DN,1
sa340hr,1
SA340QN,1
sa34jg,1
SA37 0LH,1
SA38 9BZ,1
SA38 9JP,1
SA38 9PE,1
SA399BA,1
SA399JU,1
SA4 0FF,1
SA4 0TS,1
SA4 0US,1
SA4 0XZ,1
SA4 3BJ,1
SA4 3DP,1
SA4 3DZ,1
SA4 3EP,1
SA4 3FP,1
SA4 3HD,1
SA4 3SU,1
SA4 4DU,1
SA4 4LJ,1
SA4 4PF,1
SA4 6BB,1
SA4 6BB,1
SA4 6JT,1
SA4 6PG,1
SA4 6RE,1
SA4 6SL,1
SA4 8BW,1
SA4 8HT,1
SA4 8JF,1
SA4 8JW,1
SA4 8JZ,1
SA4 8NJ,1
SA4 8PP,1
SA4 9AB,1
SA4 9BG,1
sa4 9dr,1
SA4 9EF,1
SA4 9EN,1
SA4 9JJ,1
SA4 9XU,1
SA40 9ST,1
SA40 9UR,1
SA40 9UR,1
SA409RX,1
SA409TZ,1
SA41 3PP,1
SA41 3RF,1
SA42 0XD,1
SA43 1BA,1
SA43 1QJ,1
SA43 2BJ,1
SA43 3EF,1
SA43 3NY,1
SA431EQ,1
SA431JR,1
SA431PH,1
sa43rf,1
SA44 5DJ,1
SA44 6DN,1
SA444EW,1
SA445TJ,1
SA445TU,1
SA445YG,1
SA446QS,1
sa44pa,1
SA460HB,1
sa460hg,1
SA460HH,1
SA48 8BQ,1
SA48 8JX,1
SA487DA,1
SA487DY,1
SA487EP,1
sa487hy,1
SA487LF,1
SA488PN,1
sa48ae,1
SA5 4AB,1
SA5 4SS,1
SA5 4TN,1
SA5 5AD,1
SA5 5BT,1
SA5 5JF,1
SA5 7DL,1
SA5 7PN,1
SA5 8ET,1
SA5 8JD,1
SA5 8PJ,1
sa5 8pn,1
SA5 8PZ,1
SA5 9AS,1
SA5 9BY,1
SA5 9DF,1
sa55js,1
SA57EG,1
sa58bd,1
SA6 5EQ,1
SA6 5JJ,1
SA6 5JP,1
Sa6 5jp,1
SA6 5LA,1
SA6 5LL,1
SA6 5PA,1
SA6 5QB,1
SA6 5RF,1
SA6 6AH,1
SA6 6AX,1
SA6 6ER,1
SA6 6QQ,1
SA6 6TJ,1
SA6 6TL,1
SA6 6TN,1
SA6 7AY,1
sa6 7du,1
SA6 7DU,1
SA6 7DX,1
SA6 7EP,1
SA6 7JE,1
SA6 8BP,1
SA6 8BP,1
SA61 1EF,1
SA61 1EP,1
SA61 1JS,1
SA61 1LB,1
SA61 1LL,1
SA61 1lu,1
SA61 1RZ,1
SA61 2HA,1
SA61 2RE,1
SA61 2RG,1
sa61 2rl,1
SA61 2RT,1
SA611LR,1
SA611PQ,1
SA611RJ,1
SA611TD,1
sa612ej,1
SA612HP,1
SA612PP,1
SA612QW,1
SA612RF,1
SA612TP,1
sa62 3la,1
SA62 3QQ,1
SA62 4DJ,1
SA62 4DU,1
SA62 4HW,1
SA62 4LP,1
sa62 5 ju,1
SA62 5HN,1
SA62 5QB,1
SA62 5QQ,1
SA62 5SS,1
SA62 6DJ,1
SA62 6NU,1
SA62 6SB,1
sa623lp,1
SA623LS,1
SA624DN,1
SA624JW,1
SA624LL,1
SA625AF,1
SA625AP,1
SA625BJ,1
SA625BN,1
SA625JS,1
SA625JS,1
SA626EG,1
SA634TE,1
SA640AP,1
SA65 9DB,1
SA65 9HL,1
SA65 9NY,1
SA659JG,1
sa66 7qx,1
sa66rd,1
SA67 7AN,1
SA67 7EU,1
SA67 8BD,1
SA67 8RS,1
SA677BG,1
sa677da,1
SA678RS,1
SA68 0QS,1
SA68 0SP,1
SA68 0UJ,1
SA68JN,1
SA69 9BN,1
SA7 0HG,1
sa7 9gf,1
SA7 9HQ,1
SA7 9JQ,1
SA7 9LU,1
SA7 9PG,1
SA7 9TG,1
SA7 9TL,1
SA7 9XA,1
SA7 9XW,1
SA70 8BT,1
SA70 8HW,1
SA707HN,1
sa708ha,1
SA708SW,1
sa70he,1
SA71 4AQ,1
SA71 4QD,1
SA71 5AU,1
SA71 5EY,1
SA71 5NP,1
SA714QA,1
SA715AH,1
sa715rn,1
SA72 4UQ,1
SA72 6DT,1
SA72 6ED,1
SA72 6LX,1
Sa72 6nl,1
sa72 6pa,1
SA72 6RZ,1
SA72 6SZ,1
SA724UE,1
sa726rx,1
SA726SW,1
SA73 1DP,1
sa73 1ja,1
Sa73 1Pj,1
Sa73 2lb,1
SA73 3HG,1
SA73 3HU,1
sa73 3nl,1
SA731NX,1
sa731rb,1
SA732NS,1
SA732RL,1
SA733BP,1
SA733PY,1
SA733TL,1
SA8 3DA,1
SA8 3DE,1
sa8 3dj,1
SA8 3DQ,1
SA8 3DR,1
SA8 3HB,1
SA8 3HL,1
SA8 4AH,1
SA8 4HH,1
SA8 4JB,1
sa8 4js,1
SA8 4LQ,1
sa83dg,1
sa84qh,1
SA9 1AT,1
sa9 1ee,1
sa9 1yt,1
SA9 2BQ,1
SA9 2GJ,1
Sa9 2gn,1
SA9 2wd,1
sa91ts,1
SE1 4YS,1
SE19 1HQ,1
SE249BL,1
SE3 8AE,1
SE5 9LN,1
sg112hs,1
SG2 9TH,1
sg40pe,1
SG5 4EE,1
SG6 3BE,1
SK119NS,1
SK42HT,1
SK8 4HD,1
SL1 7AU,1
SL4 3TN,1
SL4 4YY,1
SL4 6LZ,1
SL41JE,1
SL6 1XA,1
SL6 2DQ,1
SL7 1JL,1
SM7 1LG,1
SN1 2EE,1
sn10 3bq,1
SN104AN,1
SN118BU,1
SN118NG,1
SN13 9JF,1
SN14 6GX,1
SN14 8PT,1
SN15 3BN,1
SN15 3GE,1
SN15 4NJ,1
sn15 4tr,1
SN151UB,1
SN16 9TQ,1
SN169EB,1
SN169QS,1
SN169TZ,1
sn21se,1
SN252EA,1
SN253PF,1
SN3 2RL,1
SN4 8HD,1
SN5 5AR,1
SN6 6EH,1
SN6 7EH,1
SN8 2DW,1
SN8 2EE,1
SN8 2PQ,1
SO168PA,1
SO169DR,1
SO17 1ST,1
SO18 6AS,1
SO19 9GT,1
SO192ER,1
SO31 6QY,1
SO311DQ,1
SO316NS,1
SO322QH,1
SO404WQ,1
SO408XW,1
SO409GR,1
SO45 1ED,1
so506aq,1
SO51 7TP,1
SO533EG,1
SO533PB,1
SO533PT,1
SP10 4EL,1
SP11 8HP,1
sp48fg,1
SP48QT,1
SP5 1SJ,1
SP8 4QS,1
SP8 5AP,1
SR6 8DT,1
SR7 7WQ,1
Ss00pt,1
SS1 2DE,1
SS15 5DY,1
SS3 0AL,1
SS7 1DR,1
SS7 4NE,1
ST11 9BY,1
ST147EP,1
ST3 2QB,1
ST3 7SX,1
ST4 4FB,1
ST4 4JH,1
ST5 0ST,1
ST54AB,1
ST8 7NG,1
ST9 9BP,1
SW111HL,1
SW12 8HR,1
SW128TP,1
SW129LT,1
SW139RJ,1
SW139RU,1
SW15 2QL,1
SW15 3HG,1
SW154LS,1
SW178ET,1
Sw18 1ts,1
SW19 7RD,1
SW1V 3QY,1
SW4 6HR,1
sw6 7uf,1
SW8 2SE,1
SY1 3HR,1
SY1 3SF,1
SY1 4YB,1
SY10 9PU,1
sy100nt,1
SY11 1AZ,1
SY11 2TP,1
SY13 3HG,1
SY15 6EN,1
SY15 6HQ,1
SY15 6NU,1
sy15 6ps,1
SY16 1NU,1
Sy16 1qx,1
SY16 2HY,1
SY16 3AB,1
SY16 3EE,1
sy16 3eq,1
SY16 3NT,1
SY16 4DE,1
SY161ET,1
SY162AD,1
Sy164hr,1
SY17 5JU,1
SY175LA,1
SY175PN,1
SY175QQ,1
SY18 6AS,1
sy18 6at,1
sy18 6dq,1
SY18 6HY,1
SY18 6NL,1
SY186LB,1
SY186NW,1
SY19 7AA,1
SY19 7AJ,1
SY2 6HY,1
SY2 6SJ,1
SY20 8HF,1
SY20 8HN,1
SY20 9PU,1
SY208HS,1
SY21 0AE,1
SY21 0AX,1
SY21 0HR,1
SY21 7HN,1
SY21 7TJ,1
SY210RZ,1
SY217QN,1
SY217TW,1
SY218AA,1
SY218EA,1
SY219PA,1
SY219PE,1
SY22 6DX,1
Sy22 6NZ,1
sy225an,1
SY226SL,1
SY23 1RT,1
SY23 1SQ,1
SY23 2DX,1
SY23 3EF,1
SY23 3FF,1
SY23 3GZ,1
SY23 3RZ,1
sy23 3sl,1
SY23 4AS,1
SY23 4EF,1
SY23 4HJ,1
SY23 4SB,1
SY231RD,1
SY232EZ,1
SY233HF,1
SY233HX,1
SY233LR,1
SY233TG,1
SY234NL,1
SY234PP,1
SY234SB,1
SY235AA,1
SY235DS,1
SY235LT,1
SY235NJ,1
SY24 5BL,1
SY24 5DL,1
SY24 5DY,1
SY24 5HN,1
SY24 5ND,1
SY245AN,1
SY245DG,1
SY245NX,1
SY3 6DG,1
SY3 7DX,1
SY3 8HT,1
SY3 9NZ,1
SY5 0PE,1
SY5 7QJ,1
SY5 8AQ,1
SY5 9AU,1
SY5 9EU,1
sy59at,1
SY7 0HA,1
SY8 1JN,1
SY8 1XX,1
SY8 2EA,1
SY8 2PW,1
ta1 2dr,1
TA1 2PW,1
TA1 3BZ,1
TA1 3SB,1
TA10 0DT,1
TA10 9DP,1
TA11 6JY,1
TA116QZ,1
TA12 6AL,1
Ta13 5bd,1
TA14 6TE,1
TA2 6HS,1
TA2 7NH,1
TA2 8AA,1
TA21 8EP,1
TA21 9HT,1
ta23 0te,1
TA4 2JG,1
TA4 3SG,1
TA4 4SN,1
TA5 2EY,1
TA52BB,1
TA6 3HU,1
TF10 9AF,1
TF10 9HF,1
TF107PN,1
TF12 5SL,1
TF2 8RG,1
TF2 9GG,1
tf4 2jw,1
TN11 8BW,1
TN11 9AF,1
TN128BT,1
TN2 4NS,1
TN23 5SU,1
TN24 9PW,1
TN35 4EP,1
TN9 1NH,1
TN9 1UT,1
TQ14 9NG,1
TQ2 7RX,1
TQ47NR,1
TR112RE,1
TR115GH,1
TR15 2FH,1
TR2 4AY,1
TS4 3SQ,1
TW1 1JG,1
TW11 0NL,1
tw12 1df,1
TW15 2AE,1
TW7 5PD,1
TW9 4JB,1
UB6 9LS,1
UB9 6JB,1
W12 0BZ,1
W12 7EL,1
W14 9SR,1
W4  3TL,1
W5  1TP,1
WA139NX,1
WA143QE,1
WA3 2GU,1
WA6 0DY,1
WC1X 9QG,1
WD3 7PR,1
WD6 4EB,1
WF127SR,1
WF7 7PE,1
WR10 1EQ,1
WR11 1GF,1
WR11 3EZ,1
WR111XF,1
WR117XG,1
WR118XE,1
WR135AY,1
WR14 2TL,1
WR14 4HS,1
WR158JX,1
WR2 5JD,1
WR2 5SW,1
WR2 6QR,1
WR4 0DY,1
WR5 1JQ,1
wr5 2gf,1
WR5 3GF,1
WR8 0SP,1
WR9 7QS,1
WS12 1LB,1
WS149DG,1
WS149XA,1
ws15 1rg,1
WS7 1JQ,1
WS7 2HZ,1
WS9 0EX,1
WV113JJ,1
WV4 6QX,1
WV8 1EU,1
YO113XA,1
YO19 6HZ,1
